[
    {
        "email": "2k21aids34@kiot.ac.in",
        "name": "Vishnu",
        "password1": "Vishnu143",
        "password2": "Vishnu143",
        "joined-at": "03-03-23 07:45:40"
    },
    {
        "email": "2k21aids34@kiot.ac.in",
        "name": "Vishnu",
        "password1": "Vishnu143",
        "password2": "Vishnu143",
        "joined-at": "03-03-23 07:49:29"
    },
    {
        "email": "2k21aids34@kiot.ac.in",
        "name": "Vishnu",
        "password": null,
        "joined-at": "03-03-23 07:50:19"
    },
    {
        "email": "2k21cse205@kiot.ac.in",
        "name": "Vishnu Balan O",
        "password": "Vishnu143",
        "joined-at": "03-03-23 07:51:17"
    },
    {
        "email": "2k21cse205@kiot.ac.in",
        "name": "Vishnu Balan O",
        "password": "123",
        "joined-at": "03-03-23 07:51:34"
    }
]